<?xml version="1.0" encoding="utf-8"?>
<!DOCTYPE configuration PUBLIC
"-//mybatis.org//DTD Config 3.0//EN"
"http://mybatis.org/dtd/mybatis-3-config.dtd">
<configuration>
	<settings>
		<setting name="jdbcTypeForNull" value="NULL" />
		<setting name="cacheEnabled" value="false" />
	</settings>
	
	<typeAliases>
		<typeAlias type="com.finalp.moim.notice.model.vo.Notice" alias="Notice"/>
		<typeAlias type="com.finalp.moim.board.model.vo.Board" alias="Board"/>
		<typeAlias type="com.finalp.moim.board.model.vo.BoardCategory" alias="BoardCategory"/>
		<typeAlias type="com.finalp.moim.reply.model.vo.Reply" alias="Reply"/>
		<typeAlias type="com.finalp.moim.common.Page" alias="Page"/>
		<typeAlias type="com.finalp.moim.common.SearchDate" alias="SearchDate"/>




		<typeAlias type="com.finalp.moim.teampage.common.model.vo.Field" alias="Field"/>
		<typeAlias type="com.finalp.moim.teampage.common.model.vo.JoinWaiting" alias="JoinWaiting"/>
		<typeAlias type="com.finalp.moim.teampage.common.model.vo.Team" alias="Team"/>
		<typeAlias type="com.finalp.moim.teampage.common.model.vo.TeamMember" alias="TeamMember"/>
		<typeAlias type="com.finalp.moim.userinfo.model.vo.UserInfo" alias="UserInfo"/>
		
		
		
		<typeAlias type="com.finalp.moim.recruit.model.vo.Recruit" alias="Recruit"/>
		<typeAlias type="com.finalp.moim.review.model.vo.Review" alias="Review"/>
		<typeAlias type="com.finalp.moim.join.model.vo.Join" alias="Join"/>
	</typeAliases>
	
	<mappers>
		<mapper resource="mappers/board-mapper.xml"/>
		<mapper resource="mappers/file-mapper.xml" />
		<mapper resource="mappers/notice-mapper.xml"/>
		<mapper resource="mappers/reply-mapper.xml"/>
		<mapper resource="mappers/teammanage-mapper.xml"/>
		<mapper resource="mappers/userinfo-mapper.xml"/>
		<mapper resource="mappers/teamboard-mapper.xml"/>
		<mapper resource="mappers/recruit-mapper.xml"/>
		<mapper resource="mappers/join-mapper.xml"/>
		<mapper resource="mappers/review-mapper.xml"/>
	</mappers>

</configuration>