<?xml version="1.0" encoding="utf-8"?>
<!DOCTYPE mapper PUBLIC
"-//mybatis.org//DTD Mapper 3.0//EN"
"http://mybatis.org/dtd/mybatis-3-mapper.dtd">
<mapper namespace="boardMapper">

	<!-- Board 객체에 대한 정보 -->
	<resultMap id="resultBoard" type="Board">
		<id column="board_no" property="board_no"/>
		<result column="board_category_no" property="board_category_no"/>
		<result column="user_no" property="user_no"/>
		<result column="board_title" property="board_title"/>
		<result column="board_content" property="board_content"/>
		<result column="board_date" property="board_date"/>
		<result column="board_original_filename" property="board_original_filename"/>
		<result column="board_rename_filename" property="board_rename_filename"/>
		<result column="board_readcount" property="board_readcount"/>
	</resultMap>

</mapper>
