<?xml version="1.0" encoding="utf-8"?>
<!DOCTYPE mapper PUBLIC
"-//mybatis.org//DTD Mapper 3.0//EN"
"http://mybatis.org/dtd/mybatis-3-mapper.dtd">

<mapper namespace="recruitMapper">

	<!-- Recruit 객체에 대한 정보 -->
	<resultMap id="resultRecruit" type="Recruit">
		<id column="team_num" property="team_num" />
		<result column="team_name" property="team_name" />
		<result column="team_intro" property="team_intro" />
		<result column="team_leader_intro" property="team_leader_intro" />
		<result column="team_original_image"
			property="team_original_image" />
		<result column="team_rename_image" property="team_rename_image" />
		<result column="team_level" property="team_level" />
		<result column="team_local" property="team_local" />
		<result column="team_act_day" property="team_act_day" />
		<result column="team_act_week" property="team_act_week" />
		<result column="team_act_time" property="team_act_time" />
		<result column="team_fee" property="team_fee" />
		<result column="team_limit" property="team_limit" />
		<result column="team_recruit" property="team_recruit" />
	</resultMap>

	<select id="selectList" resultMap="resultRecruit"
		parameterType="Recruit">
	<![CDATA[
		select *
		from (select rownum rnum, t.team_num, t.team_rename_image, t.team_name, t.field_num, f.field_name, t.team_limit,
		t.team_local, t.team_act_day, t.team_fee, t.team_act_week, t.team_act_time
		from tb_team t join tb_field f on t.field_num = f.field_num
        where team_recruit = 'Y' order by team_num
		desc)
		where rnum >= #{startRow} and rnum <= #{endRow}
		]]>
	</select>

	<select id="selectListCount" resultType="_int">
		select count(*) from
		tb_team
		where team_recruit = 'Y'
	</select>

	<select id="selectOne" resultType="_int"
		resultMap="resultRecruit">
		select * from tb_team
		where team_num = #{team_num}
	</select>

	<insert id="insertRecruit" parameterType="Recruit">
		insert into tb_team
		(team_num, team_name, team_original_image, team_rename_image, team_level,
		team_local, field_num, team_limit,
		team_act_day, team_act_time, team_act_week,
		team_fee, team_intro, team_leader_intro, team_recruit)
		values ((select max(team_num)
		+1 from tb_team) , #{team_name},  #{team_original_image},
		#{team_rename_image }, #{team_level}, #{team_local}, #{field_num}, #{ team_limit },
		#{team_act_day}, #{team_act_time},
		#{team_act_week}, #{team_fee},
		#{team_intro}, #{team_leader_intro}, 'Y')
	</insert>

	<update id="updateRecruit" parameterType="Recruit">
		update tb_team
		set team_level = #{team_level}, 
		team_local = #{team_local}, field_num =
		#{field_num},team_limit= #{team_limit},
		team_act_day = #{team_act_day}, team_act_time =
		#{team_act_time}, 
		team_act_week = #{team_act_week}, team_fee =
		#{team_fee}, team_intro = #{team_intro}, team_leader_intro = #{team_leader_intro}



		<if test="team_original_image != null">
			, team_original_image = #{team_original_image}
			, team_rename_image = #{team_rename_image}
		</if>
		<if test="original_filepath == null">
			, team_original_image = null
			, team_rename_image = null
		</if>
		where team_num = #{ team_num } and team_recruit = 'Y'
	</update>
</mapper>