<?xml version="1.0" encoding="utf-8"?>
<!DOCTYPE mapper PUBLIC
"-//mybatis.org//DTD Mapper 3.0//EN"
"http://mybatis.org/dtd/mybatis-3-mapper.dtd">
<mapper namespace="userinfoMapper">

	<!-- Board 객체에 대한 정보 -->
	<resultMap id="resultBoard" type="UserInfo">
		<id column="user_no" property="user_no"/>
		<result column="user_id" property="user_id"/>
		<result column="user_nn" property="user_nn"/>
		<result column="user_name" property="user_name"/>
		<result column="user_pwd" property="user_pwd"/>
		<result column="age" property="age"/>
		<result column="gender" property="gender"/>
		<result column="email" property="email"/>
		<result column="phone" property="phone"/>
		<result column="address" property="address"/>
		<result column="interest" property="interest"/>
		<result column="login_ok" property="login_ok"/>
		<result column="admin" property="admin"/>
	</resultMap>

</mapper>
